,Testing_1,Testing_2,Testing_3,Testing_4,Testing_5,Testing_6,Testing_7,Testing_8,Testing_9,Testing_10,Testing_11,Testing_12,Testing_13,Testing_14,Testing_15,Testing_16,Testing_17,Testing_18,Testing_19,Testing_20,Testing_21,Testing_22,Testing_23,Testing_24,Testing_25,Testing_26,Testing_27,Testing_28,Testing_29,Testing_30,Testing_31,Testing_32,Testing_33,Testing_34,Testing_35,Testing_36,Testing_37,Testing_38,Testing_39,Testing_40,Testing_41,Testing_42,Testing_43,Testing_44,Testing_45,Testing_46,Testing_47,Testing_48,Testing_49,Testing_50,Testing_51,Testing_52,Testing_53,Testing_54,Testing_55,Testing_56,Testing_57,Testing_58,Testing_59,Testing_60,Testing_61,Testing_62,Testing_63,Testing_64,Testing_65,Testing_66,Testing_67,Testing_68,Testing_69,Testing_70,Testing_71,Testing_72,Testing_73,Testing_74,Testing_75,Testing_76,Testing_77,Testing_78,Testing_79,Testing_80
0,0.116116073,0.105575982,0.116323183,0.114228181,0.111528035,0.110965788,0.112143989,0.106964808,0.116247728,0.111792231,0.114785694,0.114732017,0.114856409,0.107807921,0.115453664,0.115197701,0.107695259,0.113002776,0.110759502,0.113519033,0.113020287,0.1027449,0.105147292,0.113114419,0.109456649,0.1154474,0.105573075,0.113831041,0.116692937,0.117760142,0.112006237,0.111420495,0.114759941,0.113453874,0.109182744,0.104328988,0.107788076,0.11098069,0.11016651,0.114392358,0.115731962,0.115305196,0.113716469,0.118006915,0.107342602,0.109584558,0.106623073,0.11076004,0.116002321,0.113624764,0.112221899,0.113037877,0.108558432,0.114257223,0.105092799,0.109992268,0.112634618,0.108245459,0.111405258,0.107945669,0.112092254,0.117965813,0.106094013,0.113245066,0.111480641,0.110085219,0.105514128,0.117436872,0.115036825,0.111209599,0.104992389,0.112397098,0.111225174,0.108037508,0.115473156,0.114731638,0.111326764,0.111894544,0.11635742,0.111839042
1,0.000680921,0.045138765,0.121339447,-0.042654562,-0.183941683,0.136076921,-0.12884042,-0.102242036,0.171727318,-0.048233174,0.217491166,0.021193709,-0.013034927,-0.031484509,-0.050050873,0.128451075,0.05605487,-0.169540405,0.00363918,0.158113167,0.118623693,-0.078449735,-0.122346499,0.006063319,-0.073323151,0.008762772,0.014841208,0.011052192,0.075583825,0.078191976,-0.049868772,-0.121411318,0.093529985,-0.168847356,-0.025451532,0.00515388,-0.156776637,0.225533966,0.28157075,-0.028174654,-0.0934207,0.152593392,0.214346838,-0.037980457,0.062077098,-0.159514971,-0.098409502,-0.182719098,0.1012681,-0.038103384,-0.123388701,-0.046040694,-0.106911691,-0.158602973,-0.109317504,0.053563231,0.087192861,0.118121238,0.168929491,-0.111056396,0.079885334,-0.056939158,-0.073105678,-0.043861639,-0.040732876,-0.193850442,0.020287349,0.0825273,0.111569367,-0.116063345,0.031921936,-0.011960113,-0.129930102,-0.053780412,0.055037181,-0.104939074,-0.043701875,-0.014181462,0.160388853,0.187388473
2,-0.042472504,-0.098262131,-0.027469447,-0.14004772,-0.05685151,0.255528827,0.093265327,-0.000969018,0.027779476,-0.01805238,-0.069557846,-0.138354441,0.004373613,-0.113373828,-0.022404588,-0.016885248,-0.136883282,0.143330212,0.146495628,-0.171693308,-0.094345472,0.249231647,-0.021672669,0.059891995,0.042726371,-0.031914624,-0.156759928,0.161322395,-0.085768249,-0.033943625,0.018626278,0.056941398,-0.082657165,-0.092912537,0.302587829,-0.009003506,0.086878492,0.146169694,0.258349601,0.202073209,0.165525411,0.012786857,0.050940667,-0.1295941,-0.131494724,-0.063609182,-0.031858587,0.148978642,0.078089543,-0.121835503,-0.019814365,0.066316969,-0.135871223,0.049325804,-0.003968907,-0.016883445,-0.124685612,0.021305749,-0.069257905,-0.052899088,-0.176055765,0.059818837,-0.112872589,-0.127527988,-0.015034168,-0.051098825,0.031188217,0.073731363,-0.044331752,0.184829521,0.074168257,-0.041923189,-0.013311477,-0.162246901,0.00475749,0.093294667,-0.031352164,-0.119204851,-0.100801313,0.197395864
3,-0.177169038,-0.124114425,0.049110038,-0.07216666,0.139788693,-0.085192269,0.039907657,0.120810566,-0.126730649,0.077257215,-0.029469067,-0.021656541,0.213611063,0.009730562,-0.023584841,-0.047512458,0.038242837,-0.126933012,0.078873135,-0.022310984,-0.014754274,-0.066973891,0.069831563,-0.027465099,0.087692978,0.042920499,-0.056863665,0.119404934,0.056481011,0.139793905,-0.049889644,-0.108318069,-0.073363072,-0.059605021,-0.15266311,-0.224473109,0.18137527,-0.133586089,0.069277786,-0.020049734,-0.001578001,0.211426424,0.021109127,0.028958764,-0.028075695,0.098788837,0.189626296,-0.044711457,0.048448818,-0.065792843,-0.050010513,0.332691326,-0.055703711,-0.023210311,-0.134276622,-0.188273974,0.107034209,0.033742413,0.207772768,-0.102540985,-0.078357639,0.04596874,-0.038007637,-0.136625052,0.044934144,-0.125064217,0.009209623,0.063649199,0.226707764,-0.079353921,-0.023298445,-0.257967502,0.100382562,0.069184029,-0.100956801,0.177527767,-0.113472666,0.034845251,-0.048059123,-0.088612001
4,0.030391981,-0.08015596,-0.03586304,-0.142433663,0.014077368,0.068498411,0.056487122,-0.145655431,-0.05309362,0.095149796,0.064813926,0.077346161,-0.134072866,-0.141627324,0.130155492,0.136424558,0.192909925,-0.083920922,-0.204799366,0.187299061,-0.044896733,-0.112923242,-0.119085598,0.126213715,0.07114453,-0.096263202,-0.084794978,-0.172347744,-0.067445894,0.001028123,0.091919031,0.139683099,0.183055227,0.154339582,0.019053655,-0.115573171,-0.132426085,0.079996493,0.071442948,0.042710035,0.047343885,0.062879636,-0.108357735,-0.034070212,-0.112527285,-0.13679919,0.069970707,0.087961345,-0.138638245,-0.134978115,0.116784226,0.087590295,0.103016358,0.029257651,-0.113255113,-0.13619643,-0.083619916,-0.120198677,-0.130739348,-0.054076558,-0.099100162,0.077170893,-0.078335805,0.188611464,0.122084656,0.134273903,-0.133467431,0.088828789,0.127997968,0.056954087,-0.118523016,-0.161330281,0.145307645,-0.108949769,-0.098653697,0.063598466,-0.052302216,0.118326491,0.215308416,0.049907369
5,-0.126912443,0.104792396,-0.218632211,0.068702623,0.154923174,0.079841097,0.099721894,0.113148886,-0.127673994,0.065691158,-0.055087831,-0.129120932,0.045372644,0.022529983,0.061668432,0.09146599,0.163036277,-0.291290583,0.118892149,-0.060664213,-0.116906309,-0.034660045,0.047005742,-0.036668519,0.09095378,-0.031808969,0.093137782,0.117052152,-0.129531618,-0.283953291,0.054053149,0.082369342,0.1070888,-0.070839607,0.166397536,0.140888362,0.054302754,-0.111320282,0.135460007,-0.090514376,0.036893084,0.150810307,-0.209522547,0.133203469,0.049702037,-0.071144837,-0.010188245,-0.181701892,-0.198600483,0.114209074,0.012461518,0.018580897,-0.047366602,-0.23441592,0.039025672,0.16871396,-0.069586466,-0.103672299,-0.050225732,-0.009241433,0.116382861,0.023867666,-0.014919259,-0.092247833,0.087552447,-0.084282276,-0.085994174,-0.027204227,0.028837771,-0.08715839,-0.07178718,0.127530185,-0.005791707,0.058040599,0.00504781,0.022855284,-0.001215383,-0.105579498,0.080954479,0.19453958
6,-0.213933158,0.037723445,-0.05258835,-0.087606895,-0.292236554,0.026053881,-0.054148165,0.033589599,-0.165274422,0.031996888,-0.325571692,0.163539037,-0.00767984,0.086471875,0.035557269,0.077751409,-0.099164522,-0.124555818,0.054994294,0.108021496,-0.098346387,0.139365382,0.057301452,0.037864539,-0.065737054,-0.006312334,0.054210654,0.022628796,-0.080311219,-0.106863061,-0.019317602,-0.075921614,0.068520126,-0.067585542,-0.071323978,0.088288234,0.002417481,-0.058763925,0.010646626,0.121543681,-0.08011774,-0.068907039,0.036452331,-0.2523744,0.083579343,-0.006952152,0.1410087,-0.028479615,0.004214595,-0.047466624,0.097567875,-0.102698502,0.195869873,-0.24524872,0.08321336,0.020116592,-0.092097816,0.205309837,0.006498141,-0.067271464,0.004449842,0.036238663,0.099683998,0.064858755,0.025737963,0.003743907,0.217370807,0.104444856,0.098219665,0.156573914,0.180103781,-0.027191966,0.029699731,0.041476679,-0.196865336,-0.032797425,0.027623439,0.219243291,0.072275699,-0.068570984
7,-0.113474771,-0.030088927,-0.119867857,0.016654282,0.153016218,0.057225054,-0.083396285,-0.022487348,0.006265527,0.018530345,0.059790397,0.135209863,0.134260517,0.047323016,-0.071690671,-0.090911416,0.058172627,-0.028961318,0.138894065,0.064130237,-0.080560823,0.033274669,-0.034781358,0.239674015,-0.033199563,0.078139495,-0.134441893,0.131300347,-0.03505401,-0.071487453,0.048982608,-0.186436284,-0.170173119,0.129378965,-0.158905891,-0.065237596,0.037768395,0.364664079,0.182717314,0.060696415,-0.000816702,-0.145091924,-0.034657106,0.234825738,-0.139515838,0.007155005,0.024771322,0.109361703,-0.08141337,0.125015322,-0.147647447,0.059525728,0.023182231,-0.148353555,-0.091190747,0.042040197,-0.12879466,0.024688009,-0.07630104,-0.152564778,0.062427876,-0.061711781,-0.00249574,0.183744813,-0.070834351,0.188674817,-0.059266874,0.057386624,-0.024049487,-0.062463213,0.032217895,0.151859069,-0.083147832,0.04942957,-0.093611839,-0.12742158,0.012188635,-0.054043519,-0.025774815,-0.251715776
8,-0.007289084,0.083419724,0.002388734,-0.245414821,0.070796422,0.007228255,-0.060728935,0.088000254,0.029083354,0.078759479,-0.086585986,0.236801327,0.020645437,0.014013634,-0.14530486,0.050345546,0.212789683,-0.008550059,0.05091034,0.122691392,0.086560733,-0.000118481,0.101114522,0.119688409,0.041007045,-0.117690247,0.108701775,0.016920163,-0.061565744,-0.148242768,0.169079659,0.026300405,-0.169572565,0.157691011,0.096262482,0.120545204,0.123005129,0.007066723,-0.161219258,-0.110451828,0.009142438,0.123337253,0.076861664,-0.199116504,0.032984026,0.061066675,-0.151348178,-0.055113055,0.004494976,-0.194606924,-0.046584176,-0.0108747,-0.266754015,-0.057790779,0.076907246,-0.04425381,0.090570656,0.03961823,0.100915183,0.009915908,-0.151907664,-0.06677326,-0.008126635,0.167582325,-0.055897904,0.2812133,0.063724318,-0.08278268,-0.059856819,-0.13860475,0.037405173,-0.20426862,-0.081366828,0.044630723,0.059974411,-0.073340869,-0.063427179,-0.131322801,-0.095714239,0.126081096
9,0.132166475,0.228884436,0.017745911,-0.024534314,-0.022212333,0.010549529,0.096649674,-0.114060139,0.034508237,-0.020124911,0.040394927,-0.163717104,-0.067855162,-0.055254758,-0.157475253,-0.118051635,0.099601531,-0.231213231,-0.201443407,-0.05303453,0.116553233,0.303972149,0.02132008,0.165815449,0.027461356,-0.090545746,0.09449128,-0.149473293,0.0634857,0.115178695,-0.00389798,-0.048360862,0.002644043,-0.029321802,-0.198200335,0.167444467,-0.110940591,-0.101273746,0.192491477,0.126419128,0.126005983,-0.001526726,-0.174936991,-0.008643457,0.082168209,-0.062188122,0.021314851,-0.062501115,0.021895449,-0.057504441,-0.027573966,0.296908227,-0.004667555,-0.096244352,0.142721205,0.052392613,0.079120604,0.003009746,-0.032618396,0.097465212,-0.10329193,-0.02661423,0.018714884,0.04070552,0.031947634,-0.004691993,0.055109928,-0.002291333,-0.112556911,0.021887726,0.140703829,-0.051713126,-0.02572036,0.003084288,-0.073499252,0.099227219,0.084234021,-0.207524795,-0.057071419,-0.244100078
10,0.015818919,-0.022482138,-0.019461701,0.04047737,-0.055401374,0.366054057,-0.098432485,0.033647106,-0.040524213,-0.010502569,0.142200479,-0.120010356,-0.020169247,-0.051655939,-0.008175679,-0.109585058,0.185573483,-0.093974325,0.031013131,0.096154062,0.004612248,-0.024400589,0.029137121,0.020985861,-0.038657509,-0.007699724,0.118427149,-0.004950503,-0.074341813,-0.051843699,-0.068569929,-0.171603633,-0.222297271,0.052984718,0.080034992,0.069993571,0.007077285,-0.118264977,-0.109830146,0.156930788,-0.161275839,0.047925824,0.079964175,-0.015730404,0.067634655,-0.009580865,0.352826392,0.111398238,-0.052480692,-0.07582873,-0.116538728,-0.105153088,0.244104903,0.200948359,0.105322176,-0.033539413,-0.005808099,-0.053731091,-0.051273708,0.100831022,0.059969736,-0.029265956,-0.008908869,-0.02971371,0.133887202,-0.053276542,-0.035215792,0.292073252,-0.069152212,-0.216395198,-0.095618255,-0.069130567,-0.049337765,-0.068112346,0.017803171,-0.085245044,-0.022188397,-0.01102426,-0.19216791,0.046886365
11,0.036462977,0.060983367,0.057397054,-0.156413327,0.139616177,0.14237832,-0.159703958,0.017730215,-0.033008036,0.014257131,0.001924913,-0.111909114,0.058114661,0.105471482,0.094650786,0.065089459,0.197674245,0.142201093,0.057901204,-0.250088359,0.116979362,0.045464903,0.011140401,-0.142678592,-0.204040804,0.096962938,-0.071338203,-0.006950859,0.055895516,-0.049669365,0.125376536,0.229449019,0.119189761,-0.152160129,-0.134746046,0.08332119,0.060531327,-0.030670483,0.159577552,0.141285717,-0.211189906,-0.242551237,-0.002118517,0.027814561,-0.148550862,0.139004282,0.023427008,-0.151566743,-0.037202319,-0.071060025,0.033118188,-0.081052482,-0.05608672,0.045488014,0.041128352,-0.066716594,0.016935215,-0.018012949,-0.05515379,0.075209559,-0.171987712,-0.022231873,0.052452965,-0.124780605,0.035295053,0.088581907,-0.02396133,0.090616801,0.124621119,-0.094649454,0.013964711,-0.146858336,0.028674921,0.108891955,-0.016112852,-0.241920138,0.061953703,-0.037776931,0.223380655,-0.114037414
12,0.143353019,0.06683161,0.059379686,-0.177851348,-0.009948077,-0.014348101,0.074560854,0.084571923,0.285083122,-0.001447176,0.11543591,-0.014423414,0.03543957,0.094094684,-0.097070441,-0.035749257,0.011115171,-0.075346138,0.018448633,-0.06079258,-0.086506498,-0.100407025,0.033642601,-0.106961063,0.280267336,0.177226549,5.25E-05,0.189709969,-0.023192348,-0.072907686,-0.078730206,-0.191215205,0.055647288,-0.070701576,-0.029256197,-0.063042348,0.140954541,0.178565816,-0.094126123,-0.200265852,-0.015107572,-0.026855687,-0.034207617,-0.205514606,-0.00377538,-0.023022731,-0.01688101,-0.120575173,-0.184061986,-0.083276481,0.002537328,0.046986449,0.146907788,0.096581966,-0.031122308,-0.016813818,-0.176281976,-0.005097178,-0.261069461,0.075751797,-0.156243107,-0.173670709,0.086248954,0.130989381,0.146323058,-0.201655386,0.068360827,0.014764135,-0.031259172,0.071056124,0.103780402,-0.068037728,0.047687007,0.061299048,0.09024658,0.022029618,0.165230014,0.007221359,0.102490319,-0.054923168
13,-0.084088407,-0.061403387,0.144902479,-0.058364264,-0.076606165,-0.045004222,0.04597183,0.058081979,-0.158181513,0.038683723,-0.031936893,0.063570133,0.108340823,0.019487029,0.051040905,0.067646743,-0.200592884,-0.28719409,0.069148795,-0.070437168,0.185359558,-0.07291618,-0.117629544,-0.215319879,-0.028057536,0.291027293,-0.079504109,-0.116452732,0.184358777,-0.035941077,0.147241512,-0.064004617,0.01058011,0.111446567,0.02270147,0.017995635,-0.028757168,-0.075500817,0.05921613,0.020326948,0.252058201,0.051480491,0.114862133,-0.033488674,-0.092363583,-0.081686311,0.032907617,-0.086836107,0.075597596,0.038706756,0.013014914,-0.038174198,0.14684123,-0.086799781,-0.026344634,-0.008040904,-0.005161032,-0.030284855,-0.116102806,0.127703296,-0.248583838,0.129131192,-0.107679368,0.094304383,-0.037573624,0.177565753,-0.07472299,0.161743189,-0.142784675,-0.073670724,-0.127524882,0.088201951,-0.185791041,0.049249121,0.186199893,0.043320009,0.083627513,-0.056741338,-0.082488842,-0.01265264
14,0.067880121,-0.009250043,0.084955468,-0.009435018,0.108049584,-0.104980257,-0.130251228,0.088032582,0.119388649,0.073732659,0.232515484,0.057315948,0.003037517,-0.109816319,0.078698335,0.071848359,-0.215493746,-0.333047391,-0.017075925,-0.036862326,-0.039126995,0.094275389,0.063739829,-0.184730005,-0.132751245,0.017181111,0.051730946,-0.059254868,-0.209461194,0.00185915,0.036368804,-0.049629096,-0.00999057,0.132871601,-0.050384442,0.130888588,0.038942089,0.120917593,0.113797353,-0.12315293,-0.007117357,-0.11671724,-0.096053342,-0.137556318,0.086466505,0.065437046,0.047860412,0.133704789,-0.038174221,0.079189666,0.041125596,-0.028695206,-0.191233222,0.295157352,0.124914105,0.034011847,-0.112951908,0.065380793,0.009435924,-0.02660903,-0.068283321,0.220586524,-0.060464236,-0.068877874,-0.026501483,0.025925965,0.090839814,-0.053864885,0.132532067,-0.159576252,0.021790733,0.082040926,0.04360943,-0.033475254,-0.312733424,0.021109782,-0.078752553,0.038864803,-0.028186006,0.050337467
15,0.366914565,-0.007199583,-0.085035969,0.066160166,0.137229662,0.075478334,0.051070117,-0.065495901,0.174576208,-0.027204698,-0.115661936,0.093468031,0.069723867,0.082656795,0.00499685,-0.030426101,0.033890293,-0.129147722,0.102969594,0.100897419,0.052295576,-0.063418693,-0.159516489,0.167475186,-0.08805545,0.179519151,-0.088235235,0.126935658,0.028637622,-0.002389404,-0.057154899,-0.045643726,0.062613256,0.012855556,0.10209543,-0.058917022,0.043279984,-0.380101153,-0.131616371,0.142741838,-0.09666594,-0.008127882,-0.039310191,-0.048384105,0.003125062,-0.110255785,-0.152705285,0.049017215,0.176447692,-0.056238704,0.008991691,0.018437938,-0.131008086,0.013220313,-0.130327287,0.082595781,-0.023875594,-0.013970896,-0.109663245,-0.091507521,-0.035792484,0.099139792,0.026571123,0.011881719,-0.135100034,-0.070782305,-0.061510185,0.109226219,0.037937092,0.037128818,-0.04129905,0.001932827,-0.131175714,0.133717314,-0.348459392,-0.021712073,0.147651128,0.032087757,-0.001631348,0.043352388
16,0.069762969,-0.033798513,-0.067901013,-0.055122496,0.119412288,-0.27784275,0.059997689,0.069160606,-0.107721256,0.049834833,0.018869206,-0.155744289,-0.046942232,0.113807522,0.017020459,-0.203316273,0.004319547,-0.037217171,0.067363846,0.151934577,0.046810547,0.187855916,-0.084128382,0.110439395,-0.225390211,-0.08589739,0.082315673,0.15568115,0.093048125,0.097092599,0.097203086,0.028933129,0.135611216,-0.09129522,0.102101056,0.023646069,0.061812238,0.192092299,0.116704988,-0.110478356,-0.029454456,0.009445565,-0.069487221,-0.110376151,0.091457394,-0.057800217,0.151928141,0.171269631,0.066617712,-0.067089473,-0.253111244,-0.139321489,0.209469542,-0.07770696,-0.042819229,0.012922917,0.07013703,-0.091072467,-0.062544359,0.106778875,-0.161168183,-0.054342205,0.066408722,-0.047728834,-0.138858445,-0.01679103,-0.073800117,-0.199675812,-0.051567698,-0.093011432,-0.128316731,-0.129913936,-0.031319765,0.069174116,0.006022454,0.018061275,0.061884113,0.232941812,0.015149334,0.137389058
17,0.101669022,0.051620793,-0.017515602,-0.04857944,-0.294960546,-0.172949178,-0.028730501,-0.023797054,-0.014776758,0.048217954,0.006054246,-0.102981768,0.103698582,0.062406912,0.116979255,0.094294302,0.352113424,0.038122092,-0.013661577,0.039229159,-0.004940237,-0.109869751,-0.031784721,0.058777363,-0.150380836,0.355660301,0.038717006,0.031687486,-0.258846261,-0.115804141,0.040716743,-0.037041268,-0.03931232,-0.056325418,-0.01629773,-0.006824087,-0.045461297,0.102173718,-0.033560544,0.056324177,0.211078039,-0.094613937,0.004997335,0.078818842,0.064088709,0.021066064,-0.065456016,0.269322383,-0.050587757,-0.003563503,0.127668118,-0.01383257,-0.005378428,-0.069572842,0.079385309,-0.071902271,-0.003594762,-0.020907424,0.134372748,0.034990584,-0.019290853,0.198346513,-0.1063511,-0.038580174,-0.040205037,-0.260965945,-0.064682234,-0.126170979,-0.03794454,0.025168844,0.062544683,-0.141861505,-0.007665261,0.104023537,0.079840465,0.01556486,-0.07103491,-0.073748662,-0.126889497,-0.078940862
18,-0.043605735,-0.123257428,-0.135144658,0.001480339,-0.382830356,0.067822675,0.008991026,0.023974911,0.058531795,0.149771147,0.200797195,-0.072780532,0.032656275,0.102222009,-0.123915888,-0.002576232,-0.086161051,0.052129491,-0.031016218,0.133669277,-0.095681019,0.062406087,0.00089213,0.109066885,0.050875718,0.095746127,0.043922218,0.057274306,0.160521154,0.054901105,0.179249132,0.119379881,0.02932376,0.011553322,-0.098268316,-0.105552379,0.068549435,-0.375429591,0.230781846,-0.066246411,0.062741541,-0.100319231,-0.060963282,-0.013631296,0.059281521,-0.020674092,-0.034598938,0.031558424,-0.16136792,0.156769076,-0.172043827,-0.178438329,-0.235664559,0.075664184,-0.078709468,-0.057129954,-0.14186506,-0.003484698,0.027370707,0.001158671,-0.020980799,-0.028485521,0.18834142,0.115244818,0.014825921,0.063959696,0.03205227,0.024930383,0.004986896,-0.087382741,-0.035706804,-0.02454256,0.189932972,0.043364354,0.080903878,0.00971254,-0.03465102,-0.025206206,-0.058008269,0.018459023
19,-0.232382578,-0.007978085,0.187672594,-0.039305347,0.38921997,0.10742246,0.027263207,-0.036472473,-0.215309096,0.005757719,-0.009474455,0.0257047,-0.063796981,0.090152505,0.055431464,0.049094448,-0.046423706,-0.145993403,-0.042952096,0.096347501,-0.046869371,0.031292841,-0.021021033,-0.045266461,0.087914938,-0.025976124,0.110051622,-0.001671693,-0.005261115,0.24638095,0.030940902,-0.053607841,0.096316643,-0.131586081,-0.06049868,-0.046800181,0.022599031,0.03529329,-0.119957285,0.165742247,0.056346713,-0.126388529,-0.023910694,-0.058143267,0.183223739,-0.081263504,-0.256921731,0.303008353,-0.135759162,-0.053420513,9.82E-05,-0.188391346,-0.191435102,-0.024590687,-0.047743273,-0.021072092,-0.074213082,-0.018330201,0.058981233,0.052413699,0.081515172,-0.002723469,0.061932374,0.052866976,-0.007759367,-0.177960781,0.036189959,0.187518107,-0.072058806,0.048432422,-0.021040374,-0.07507518,0.014773305,0.036313074,0.145899718,-0.056696632,0.10174505,-0.114439736,-0.001833309,-0.057671496
20,0.206498915,0.049047909,-0.221297259,0.367091741,-0.044401756,0.092014181,0.065046737,0.026454785,-0.064718909,0.064605482,-0.228203378,0.139370936,-0.102063845,0.050041317,-0.011729406,-0.163933987,0.069946872,0.110754713,-0.004213713,-0.017511931,0.051977604,-0.033891049,-0.081512068,-0.142316187,0.082726643,-0.016448889,-0.000275303,-0.14221267,-0.04966476,-0.006560065,0.138263792,-0.058081385,0.029464892,-0.049574932,-0.18417605,0.073621222,0.031576719,0.158676152,0.073089346,0.020565647,0.006635884,0.161426986,-0.033114066,-0.193714845,0.040963159,0.110672125,-0.078569616,0.030346689,-0.094244249,-0.080462212,-0.099032125,0.085909846,-0.139326777,0.061330994,0.04583094,-0.016036994,-0.179937109,-0.096314414,0.079791907,-0.044741278,-0.16897582,0.010298212,-0.033968596,-0.079685553,-0.150639049,-0.077810124,-0.014774572,0.225617232,0.102209992,-0.119993791,-0.011560241,0.13852612,-0.03653866,0.017407521,0.204800216,0.068456735,-0.084660371,0.210546981,0.02779488,-0.079380794
21,0.061154733,0.042556328,0.105996104,-0.145361347,0.317366025,0.022890964,-0.022712446,-0.048845113,0.152675363,0.054657081,0.078022344,0.063346222,-0.103500801,0.033823385,-0.164797413,-0.010821053,-0.087992091,0.14038087,0.010900877,-0.009378786,-0.071062964,-0.061701902,-0.02032114,0.000544838,-0.073325642,0.070412982,0.043817857,-0.13737209,-0.253645024,-0.097559869,0.061656902,-0.025959774,0.060928484,-0.186297373,0.066711318,0.029443979,-0.053989855,-0.334923979,0.032635503,0.017247739,0.241532618,-0.07040131,-0.029025403,0.001007119,0.063800024,0.061247103,0.248143733,0.038486559,-0.036618176,0.080226784,-0.130698816,0.063582982,0.170212542,-0.080317629,-0.08083655,-0.075698452,-0.080944003,0.157204454,0.156079933,-0.070892855,-0.061777354,-0.115581885,-0.087508338,0.123135857,-0.161826175,-0.023293864,-0.026680036,-0.026840272,0.03678219,0.029848494,0.108101105,0.116095404,-0.113381181,-0.079525007,0.144620969,-0.039021924,-0.213681803,0.065789723,0.125319504,0.026526971
22,-0.007581076,0.028916199,-0.017806698,0.077232125,0.079381997,-0.114056322,0.034633915,0.023817119,0.004028648,0.257592095,-0.192355242,0.025539063,-0.071179121,-0.136810713,-0.004615848,0.020342185,0.227768585,-0.202361622,-0.081925033,-0.11345619,-0.049022805,0.114745439,0.008201249,0.18004866,0.174161471,0.04256434,-0.102091871,-0.211141208,0.194055652,0.04278976,0.23020148,-0.174884153,-0.097928126,-0.024546615,0.178336993,0.002873763,-0.04042493,-0.043042479,0.027244054,-0.146731684,-0.204938658,-0.143321959,0.160171313,0.087259948,-0.043056323,0.057959184,-0.016450613,0.075102875,0.137119617,0.221388392,0.00957791,-0.155771529,0.047993815,0.099143452,-0.03545884,-0.143065472,0.034762171,0.093449936,-0.106668314,-0.080248666,-0.140403577,-0.058350156,0.022005561,-0.081706939,0.071357032,-0.194221513,0.055696436,-0.042290621,0.089461156,0.101358265,0.085705346,0.059990022,-0.019942489,-0.041958143,0.063985275,-0.092773063,-0.117287079,-0.058904782,0.010069476,0.07034722
23,-0.149887471,-0.049547937,0.154448064,0.132624791,-0.016075206,0.110413907,0.058122488,-0.024337285,-0.253029484,0.089194801,0.06559904,0.104723832,0.035492498,0.041752464,0.048204559,-0.036439862,0.137749152,0.205998628,-0.023703449,-0.007354228,0.049619268,-0.043195783,-0.041666927,-0.001490382,0.02037011,0.295576994,0.043231668,-0.023478833,-0.239353576,0.30708611,0.085849839,-0.016716169,-0.023576916,-0.1132448,-0.003973678,0.102890883,0.020692609,-0.061531961,0.106374222,-0.14043784,-0.07913758,0.152617291,0.064487681,-0.220681647,-0.048164396,-0.072383379,-0.022931857,-0.034690218,0.064307026,0.022467206,-0.04328501,0.064341095,-0.003005153,0.03308688,0.051361996,0.065730242,-0.010292643,-0.005548753,-0.274000549,0.094579266,0.107625046,-0.208630263,-0.067423289,0.039696538,-0.032551032,0.043660652,-0.025766037,-0.184867972,-0.118107377,0.011257185,0.007666885,0.091926231,0.030518233,0.026191257,-0.295552113,0.049423517,-0.147425859,-0.115345235,0.061670406,0.009383463
24,-0.001034324,0.100205093,-0.077661537,-0.119894723,0.180111932,-0.136421114,0.028794699,0.086044441,0.073810729,0.003242535,-0.120356573,-0.031709217,0.032126608,-0.115709936,0.24570016,0.022582959,-0.058674442,0.231985994,0.024092004,0.135518193,-0.174627936,-0.040657359,0.056435116,0.130787088,-0.138656588,-0.042699994,-0.014588926,0.152688858,0.050473934,-0.009244332,-0.098512682,-0.122317754,-0.042101132,0.175592817,-0.22004323,0.012150574,-0.055389586,-0.188811885,0.238916708,-0.052513233,-0.093279399,0.038028494,0.061881162,-0.246953258,0.023711712,-0.139273687,-0.082637998,-0.010543657,0.07838372,0.029371125,0.074857925,-0.099914594,0.076156552,0.048177521,0.043449535,0.192841322,0.091808875,-0.051794376,-0.084919108,0.00945751,-0.050316932,0.123567992,-0.20396591,0.032859436,0.104568815,-0.091085954,-0.008126024,0.094956318,-0.007606887,-0.136496092,0.03216238,0.055128303,0.078880337,-0.055023427,0.233117695,0.030549572,-0.135292941,-0.170779833,0.074452986,-0.120862054
25,-0.035431853,-0.174962205,0.045000901,0.159720557,0.087656874,0.00477689,0.02448763,-0.120479868,0.139537239,0.103096918,-0.011927899,-0.009298283,0.26970241,-0.037171051,0.102775446,-0.034582781,0.150065937,0.045030522,-0.133199895,0.07202052,-0.083167859,0.144035831,-0.057116119,-0.306672997,-0.191120857,-0.10554805,-0.043013169,-0.015015746,0.00685045,-0.221191167,0.161264238,0.012957775,0.030666492,-0.049284003,-0.042759165,-0.056343808,-0.053861437,-0.058041855,0.076678359,-0.096920841,-0.160362143,0.235572349,-0.018930386,-0.044983566,-0.00104968,-0.138615472,-0.04553063,0.110493139,-0.081690213,-9.90E-06,0.058260643,0.026927299,0.154717925,0.079138357,-0.064133778,-0.021421629,-0.059905703,0.188995336,0.221891708,-0.061997626,-0.052917902,-0.143624432,-0.0252254,0.058194064,-0.029218417,0.055731861,0.074963255,-0.036123208,-0.122946515,0.130529784,0.036050087,0.010848936,0.035452844,-0.005603928,-0.023983275,-0.014123101,0.312920566,-0.15426574,-0.152991139,-0.013289354
26,-0.087787045,0.01674009,-0.355024679,-0.093940588,0.078998443,-0.034064596,0.125646753,-0.034888651,0.163262494,0.116919873,0.186328022,-0.041286377,-0.05709219,0.033855465,0.046881806,-0.015418689,0.08391007,0.017818762,-0.077349277,-0.019038701,-0.069224459,-0.061457056,0.037841892,-0.238807688,0.068058836,-0.086248492,0.087871372,0.045603087,0.095030731,-0.0486193,0.179538078,-0.029863899,-0.047453104,-0.065699085,-0.077245029,-0.029239771,-0.051551751,0.09696714,-0.096744199,0.181537693,0.314605357,-0.01215232,0.223913158,-0.106161067,0.082030249,-0.034041596,-0.01554555,-0.106954978,0.172151702,0.045048854,-0.024713514,-0.157689789,0.062829926,0.036824319,0.033965483,0.070873564,0.12796495,-0.053954061,0.005917965,-0.091284881,0.006341775,-0.089551618,0.035714328,-0.118342871,-0.028776528,0.04313247,-0.022583273,0.119370632,-0.062550119,0.171748291,-0.118989979,-0.013289262,0.033539066,0.172287036,-0.285025672,-0.008377035,-0.207522204,-0.036778134,0.011890138,-0.112571442
27,0.13250629,0.039604121,0.429125912,-0.006262687,-0.106782398,0.057430295,0.035062796,-0.034572438,0.110799771,0.055385972,-0.457869998,-0.207845778,-0.039942987,0.026276554,-0.065447949,-0.039621347,0.134849405,-0.110878017,0.05513747,0.023810211,-0.077319965,-0.141016049,-0.029391243,-0.145966367,-0.006132153,-0.189429638,-0.040321706,0.209387243,0.014453182,0.028872497,0.092305731,0.180368607,-0.09779662,0.00395502,-0.0716371,-0.008149966,0.052878247,0.039528903,0.025206945,-0.126924703,0.220506621,-0.105811086,0.089361836,0.056488596,0.032161596,-0.076442521,0.05334788,0.075364461,0.022866065,0.093330573,-0.084593155,-0.040702979,-0.046139074,0.019862764,0.017089936,0.073384045,0.052116606,-0.020963288,0.003621859,0.029493943,0.08044428,-0.119228489,-0.0665233,0.126606114,0.011880275,0.011963855,-0.047833279,0.08355325,0.048559166,-0.107851184,-0.06996618,0.087294776,0.102668415,-0.124777903,-0.170345411,0.001592703,-0.056696179,0.040865713,0.023353413,-0.085437688
28,0.054424338,-0.084610376,-0.234413149,-0.175265383,0.13931457,0.121232562,0.141719803,-0.018160873,-0.094149455,-0.060539877,-0.284417382,0.042747764,-0.035382782,-0.058546222,0.084234263,-0.153725698,-0.043871881,-0.000761682,-0.11733072,0.149258737,0.033773536,0.052910289,0.129867338,-0.064385815,-0.007424342,0.284349487,-0.009755593,-0.062324692,-0.025699187,0.025612377,-0.252079578,0.059649035,0.129513421,0.07977795,0.016869127,-0.017713223,-0.11632955,0.064680614,0.210373035,-0.105899935,0.135263749,-0.02551597,0.187860432,0.237624057,0.062627778,0.114989506,-0.040094009,-0.178422681,-0.120879061,0.00906631,-0.016240155,-0.103922813,-0.032409708,0.214742428,0.084954671,-0.045744446,0.037390317,0.085556215,0.116960429,0.008491234,-0.011423801,-0.127818899,0.073777928,0.128563874,-0.004029171,-0.092387459,0.020720771,-0.031810222,-0.105525661,-0.123400382,0.048768427,-0.122581722,-0.066197405,-0.077166785,-0.141331105,0.009408245,0.070321707,0.039011914,-0.070655696,0.076345042
29,0.059058012,-0.001844374,-0.175588265,-0.134574293,-0.082664284,0.031331649,0.043478788,0.00513246,-0.090550348,0.014921569,0.054134498,0.12780298,0.11838272,-0.126017164,0.02389537,-0.118665343,0.017806483,-0.286720703,-0.021615058,-0.096666745,0.047748814,0.061060583,-0.035865347,-0.021801489,-0.154769876,-0.003959034,-0.00591804,0.339869081,-0.214243449,0.211060536,0.099221439,0.142901591,0.075172887,-0.098195786,-0.043415857,0.024735309,-0.043496506,-0.008459675,-0.196330314,0.026652424,-0.183585108,-0.044709132,-0.043396149,0.150976621,-0.023557315,-0.115904237,0.004789209,-0.148563379,0.088858759,0.050797334,0.030119025,0.026832173,-0.042570114,0.166269206,0.004771524,0.04277927,0.063935772,-0.044192831,0.043234278,-0.008940957,-0.029776151,-0.119424514,-0.17258405,0.1880714,-0.106335301,0.022504265,0.085350078,0.069384129,-0.022680395,0.194999397,0.041620229,0.076660052,0.121024555,-0.077572533,0.280570649,0.003806308,-0.172235093,0.113535289,-0.063929564,-0.044546093
30,-0.019467625,-0.052009812,0.210579424,0.022743918,0.066058232,0.051618829,0.17836687,-0.091443957,-0.126590732,0.061454534,0.076846685,-0.026417236,0.084109137,0.009375161,0.040694401,0.03301252,-0.020991853,-0.002939569,0.071877615,0.125127267,0.119797746,-0.041033512,0.049195721,0.294058348,0.136946631,-0.01377738,-0.061282263,0.026258523,-0.148944442,-0.252725511,0.054117505,0.137736816,-0.128990808,-0.096784385,-0.128791344,-0.075077973,-0.141498085,0.110855116,-0.006010269,0.108988548,0.051015627,0.005892148,-0.282007736,-0.202633218,-0.059210471,0.048224409,0.01287891,-0.295878187,0.132914771,0.079089335,0.032608662,-0.243555824,-0.010412474,0.203334447,-0.078776822,-0.078191506,0.140280243,0.030708424,0.118958772,-0.002985081,-0.105301237,0.015448337,0.116320952,-0.05389814,0.027069219,-0.151739275,0.027813966,-0.05567634,-0.050774647,-0.04108563,-0.058065809,0.160399974,-0.05589748,-0.044214368,-0.017182593,0.047124459,0.075127173,0.100436589,-0.091814442,-0.09163615
31,-0.028505466,0.068548919,0.130604113,-0.141162989,-0.150797592,-0.137467388,0.01867182,-0.021326865,-0.10389202,0.084402347,-0.056226628,0.142329234,0.124191943,0.003803201,-0.111494789,-0.059710233,-0.151687019,0.144686575,-0.02725269,-0.021979411,-0.062324058,0.020291903,-0.073408306,-0.016340248,-0.04839604,-0.071370781,0.145289899,0.050185776,0.070858426,-0.209474839,0.025700475,-0.146893946,0.06642579,0.066834582,-0.008365994,0.098124944,-0.098589041,0.020640071,-0.030829478,0.233062285,0.007362714,0.285550276,-0.195053683,0.336853787,0.022674406,-0.012831567,-0.073652026,0.111485054,0.000104387,0.026475604,-0.052770856,-0.076794117,-0.060095949,0.243536361,0.049916235,-0.070837439,0.020542641,0.074490497,-0.206043753,0.114623004,-0.034999627,-0.198581641,-0.071379489,-0.024147937,-0.05426411,-0.133161284,0.063481726,0.080460074,0.157992351,-0.041808648,-0.062046661,-0.056127797,-0.083294567,0.108673303,-0.080601426,0.041940456,-0.085426971,-0.102517458,0.224018248,0.04164991
32,0.035543687,-0.008602357,0.013560581,0.193489489,0.009790665,0.048976868,-0.077878461,0.0475896,-0.307227449,-0.058202885,0.176591529,0.157974612,0.058799983,-0.155592607,-0.139227983,0.043403428,0.12620824,-0.062035771,-0.002278524,-0.071880184,-0.208522204,0.032165547,-0.024411975,0.058604273,-0.015065623,-0.031982868,-0.018134909,0.234003105,0.313922939,-0.147180368,-0.018813818,-0.032796057,0.080555316,0.004372146,-0.021041225,0.0777995,-0.019379362,-0.119091845,0.060385651,-0.091193778,0.280514137,-0.143954381,0.118024717,-0.149437541,-0.011426995,0.051507762,-0.003833254,-0.005667849,-0.047892572,-0.233706711,0.086431287,0.012323958,0.039269831,0.204240552,0.078839603,-0.029103285,0.045410558,-0.067718624,0.039074335,-0.007229405,0.14285458,-0.061926391,-0.107754022,0.03400433,-0.126561071,-0.069281047,-0.096488736,-0.162177177,0.143605788,0.075072891,0.049648632,-0.008331667,-0.139853032,-0.125133444,-0.00164558,-0.101900369,0.108772158,0.065901178,0.06189354,-0.083334822
33,-0.087308714,-0.041516577,-0.166460966,-0.198667601,0.026570266,-0.138239191,0.081415077,-0.073219511,0.01688797,-0.001348665,-0.038809401,-0.286903398,0.054177695,0.049463024,-0.039409719,0.074879822,0.106808162,-0.153797,0.055453674,-0.031379739,0.068694981,0.077356087,-0.040901351,0.014213828,0.030988284,0.102856912,-0.019951815,-0.146620435,-0.043081433,-0.049137514,-0.057220057,0.089466574,-0.077150713,-0.018896842,-0.118020849,0.049293864,0.030619771,-0.059876367,-0.099108956,0.128809623,0.04527416,0.126676276,0.175395834,-0.077843436,-0.115095283,-0.046062212,-0.083604825,0.156385358,0.083129289,-0.204259795,-0.08116316,0.030428152,-0.035260701,0.190227429,-0.035998523,-0.008157143,-0.079093095,0.221265062,-0.166522664,-0.116473434,0.306839985,-0.061720188,0.032070579,-0.050352391,-0.02993855,0.110465577,0.067589197,-0.141089186,0.10526465,-0.211814177,0.013603769,0.223821472,0.051215238,-0.066735034,0.185189987,0.070052356,0.12403432,0.148346733,0.128137058,-0.046212576
34,0.019275603,-0.112624594,-0.13068544,-0.031135151,-0.018521952,0.001377468,-0.00693484,0.060132881,-0.114331559,0.070188927,0.130951541,0.02303609,-0.11619624,0.038523307,-0.049880853,-0.021473072,0.116881297,0.069662386,0.015143812,0.090462796,0.380121533,0.055843978,0.008215759,-0.200849929,0.007864923,-0.314467929,-0.114928133,0.174550354,-0.25507276,-0.104819014,-0.116460112,-0.152995924,0.092314684,0.056091036,-0.060616625,-0.001424229,0.022661497,-0.139112119,0.099338185,-0.150819126,0.084899394,-0.055263058,0.101930492,0.023412583,-0.103616874,0.114643281,-0.070288049,0.139500647,0.135608689,0.139997359,0.046837484,-0.00102605,-0.070758502,-0.137156379,-0.030975531,-0.222351168,0.132788275,0.063655621,-0.195504444,0.154923012,0.010888749,0.078474892,0.100274311,0.100282269,0.03360518,-0.136098025,0.047592933,0.089970831,0.061362247,0.04476768,-0.018726415,0.106599314,-0.050846812,-0.108192137,-0.006572232,0.01373447,0.113326785,-0.040750766,0.029969349,-0.035465317
35,0.020753754,-0.114237041,0.242201893,0.060402816,-0.024519904,-0.032254634,0.038464766,0.059660905,0.17949782,-0.070676917,0.083660382,0.243528063,-0.136506365,0.002700988,0.34399774,-0.057552422,0.018044626,-0.143839321,-0.131121623,-0.133765504,-0.147142453,0.037270536,0.142679801,0.076871743,0.048740945,-0.080952978,-0.00429253,0.004100919,-0.179378718,-0.064443159,-0.046968941,0.016951785,-0.153282867,-0.057204705,-0.084440881,-0.013849075,0.086833461,-0.151606635,0.233110799,0.102025401,0.055974739,0.109386406,0.142790914,0.206835589,-0.002205083,0.005090998,-0.148178324,-0.032340769,-0.004150706,-0.204432454,-0.077811021,-0.081251814,0.053119709,-0.118482658,0.114027644,-0.07137955,0.064722377,-0.072424398,-0.194814725,-0.020626601,-0.022810341,-0.073788438,0.124060684,-0.072553561,-0.158715687,0.02219116,-0.039818246,-0.052852202,0.018834808,0.02579317,-0.042450845,-0.012438242,0.08440319,0.119751485,0.10588087,-0.0583967,0.031729889,0.194116311,-0.134842891,0.002756261
36,0.166459369,-0.053126365,-0.023733778,-0.116507732,0.046849579,0.110075546,0.029175083,-0.072673715,0.042752139,0.131690267,-0.050532552,0.218040591,-0.110668929,-0.100999246,-0.028020568,0.064752264,-0.150854425,0.021255224,-0.176869087,-0.150729285,0.01623228,-0.028296597,0.018002884,-0.048179793,0.175955855,0.151782223,-0.028892896,0.326012083,0.067724281,-0.095992027,0.245690372,0.094170864,0.062307527,-0.042695416,-0.141173524,0.042210004,-0.173535631,0.018556651,-0.01298636,-0.02055899,-0.199687088,-0.006301557,0.001840073,0.011531461,0.019021017,0.011789692,0.103146245,0.191569678,0.022366633,-0.070472531,-0.068437401,-0.020800881,0.049887794,-0.193405486,0.038828383,-0.064759612,0.018458011,0.054550126,0.021760031,0.000359891,0.237818411,0.126438617,0.094373291,-0.195558577,0.078546529,0.024062007,0.021546669,-0.101508851,-0.158264041,-0.184248087,-0.054240038,-0.077887672,-0.147525268,-0.1213345,0.007550777,0.237750448,-0.023300492,-0.051943901,0.000153076,-0.072637333
37,0.141134276,0.00238057,-0.019618974,0.12306454,0.165123768,-0.156294574,-0.070285826,-0.095164381,-0.013066747,-0.106681135,-0.117427304,0.115377664,0.171137047,0.170228532,-0.151157837,0.150543692,0.003550494,-0.024604107,-0.023786935,0.066473821,0.16478159,0.0080012,-0.121398102,0.022459894,-0.038729177,-0.153142357,0.019443663,0.128879804,0.058738326,0.034582957,-0.071515615,0.007486806,-0.117535617,-0.183831917,-0.022553165,0.040866299,-0.061912762,-0.005554427,0.146390669,0.088443157,0.082682546,0.030478234,0.138615653,0.019858862,-0.029535058,-0.193270647,0.013348426,-0.104092987,-0.235414616,0.013050894,0.119433784,0.025891196,0.039228956,0.142104338,0.00903614,-0.160364987,-0.20338736,0.096700014,-0.128978319,0.07911562,0.036369216,0.150690393,0.119737495,-0.078902442,0.234490707,0.057172291,0.079383445,-0.093483524,-0.140440203,0.04505911,-0.050788807,-0.038717887,0.023890604,0.054090643,0.027999477,-0.10614456,-0.343135438,0.062269823,-0.138884363,0.072416831
38,0.026455359,0.033145932,-0.113691586,-0.054349181,-0.0796698,0.060010893,-0.112024349,-0.070231096,0.049750794,0.036436155,-0.035274017,0.136641003,0.100562406,0.082948841,0.15018276,0.117435272,0.014890518,-0.029317979,0.167618539,-0.186712079,0.168388212,0.042243291,-0.043507873,0.066498339,0.124550154,-0.075296699,-0.014052183,0.058965621,-0.043928076,0.272518849,-0.105550069,-0.158404465,-0.054147019,0.003489036,-0.011480676,0.065080325,-0.103562819,-0.117758549,-0.015248891,-0.198111746,0.240877423,0.115547584,-0.209805889,0.091967939,-0.103097037,0.005145956,-0.014897734,0.19128736,0.012570924,-0.123152405,0.079082831,-0.207328655,0.130183719,0.027870314,0.014547066,0.148320118,-0.050050144,-0.0282158,0.24875286,-0.114497515,-0.185154382,-0.196258737,0.078061887,-0.18579213,0.121159883,0.068394119,-0.010469096,-0.037822308,-0.068853021,-0.078036222,-0.060568567,0.011786831,0.075430413,-0.134791423,-0.043939871,-0.109911812,0.047499373,-0.002895546,0.14969884,-0.055445833
39,0.115629338,-0.00892164,0.0578112,-0.299083285,-0.013824572,0.090822294,-0.044046394,-0.072713757,-0.213477644,0.081044481,0.082017246,0.074579308,-0.15313136,-0.015510013,0.094232936,-0.013202564,0.059469463,0.185775477,0.167020839,-0.037196548,-0.167328238,0.093462789,-0.107625572,0.008405095,-0.054977295,-0.122395317,0.084689508,-0.072293888,0.01856837,0.032411267,0.14269583,-0.130736741,-0.042030277,-0.104259234,0.002608173,0.029743036,-0.046186875,0.001546635,-0.143769726,-0.099802887,0.020497039,0.085735358,0.245698423,0.175313193,0.114235259,-0.164520433,0.062727238,-0.172239157,-0.063626957,0.084273467,0.071687503,0.138383273,-0.12024087,0.034379026,-0.107625245,0.222969386,-0.135249689,0.055492335,-0.029351652,-0.004955239,-0.149772508,0.205380888,0.162040601,-0.030410598,0.034598924,-0.091970451,-0.041776991,-0.119533846,0.082795917,-0.074364567,-0.069927006,0.100397312,0.02447669,-0.020712298,-0.024014534,0.058953255,0.188641541,0.094831364,-0.146629836,-0.162572192
